{"cameraMode":{"drawMode":0,"name":"Shaded","section":"Shading Mode"},"sceneLighting":true,"audioPlay":false,"sceneViewState":{"m_AlwaysRefresh":false,"showFog":true,"showSkybox":true,"showFlares":true,"showImageEffects":true,"showParticleSystems":true,"showVisualEffectGraphs":true,"m_FxEnabled":true},"in2DMode":false,"pivot":{"x":7.380838394165039,"y":1.92992103099823,"z":-7.380303382873535},"rotation":{"x":0.22923175990581513,"y":0.014446054585278035,"z":-0.0025253731291741134,"w":0.9732080698013306},"size":7.448352336883545,"orthographic":false}